amplitude_0,amplitude_1,amplitude_2,amplitude_3,amplitude_4,amplitude_5,amplitude_6,amplitude_7,amplitude_8,amplitude_9,amplitude_10,amplitude_11,amplitude_12,amplitude_13,amplitude_14,amplitude_15,amplitude_16,amplitude_17,amplitude_18,amplitude_19,amplitude_20,amplitude_21,amplitude_22,amplitude_23,amplitude_24,amplitude_25,amplitude_26,amplitude_27,amplitude_28,amplitude_29,phase_0,phase_1,phase_2,phase_3,phase_4,phase_5,phase_6,phase_7,phase_8,phase_9,phase_10,phase_11,phase_12,phase_13,phase_14,phase_15,phase_16,phase_17,phase_18,phase_19,phase_20,phase_21,phase_22,phase_23,phase_24,phase_25,phase_26,phase_27,phase_28,phase_29,timestamp
21.17449428728164,24.49293387020609,25.380966853123464,23.427967228223032,22.46954542871559,23.437459864139043,28.973269789800224,32.740007926472735,34.86508308494884,35.488723410149504,34.47542240081553,32.60429776553107,29.777874243874574,23.613989297625665,21.994158646764475,17.262428012832423,22.51082266771336,25.77750179439489,27.73667435569632,27.510663554166666,24.0715641422001,18.16419454780604,16.322705465368873,26.571618443785493,29.411585672838548,31.43778347559,32.23772864907644,32.541816402676254,31.717836336542973,30.36604491613685,0.5404194788403374,0.3587706503081508,-0.2129383634774037,-0.9736196623247276,-1.6447353629617831,-3.009041115459849,2.670132698192578,2.105390661195051,1.7942729294624522,1.5130094931471416,1.269570735069384,1.0402384541562049,0.9209258852653388,1.06369784989797,1.2120256653965122,2.403777580281484,2.84309372069077,2.963996473621055,2.97975521506016,3.017237659043032,2.9562447145922626,-2.896613990462929,-1.3439974910212644,-1.3146449359831005,-1.3701434631430731,-1.5444866082813715,-1.7517227788811125,-2.0137214993039287,-2.329174058024137,-2.5040438709401003,0.0
20.675625676883868,25.000856453947264,25.108659067594225,23.1276994561446,21.25330664684189,25.4884263818178,29.496703579909,32.69044162339451,34.914669511232034,35.7508463616963,34.58097133337613,32.617765091028964,29.48847241854668,23.66348261428739,21.6357620357053,17.359293040681322,22.124096155726143,26.689504496792527,27.93608893413309,27.6921073071434,24.787309002296517,17.797609532765797,17.6921073071434,26.373345756013183,29.045258052138443,31.1741983804818,32.54850697202647,32.508765461352375,31.541425490143027,30.91090871403765,3.0961693699114785,2.6532586832950185,1.8753072035008431,0.9067501411889002,-0.2140606888248558,-1.7016237347734322,-2.507959618189803,3.004526469454642,2.431054323411562,1.9052044215701,1.423717965864165,0.973239900451766,0.5743048143773409,0.5790742713812803,0.4636476090008061,1.504228159526266,1.6092389152016389,1.5480729638215904,1.3927033780239646,1.1978085890679888,0.7853981633974483,0.965251667076077,2.265534618918447,2.171870105028159,1.8157749899217608,1.3521273880646136,0.924980353701297,0.4064185142142515,-0.1566018861722371,-0.4636476090008061,0.0025360000000027
21.998858908449197,25.419090546361463,25.430496986445647,24.535516371936303,22.29011516646503,24.88502124170784,30.134746127783465,33.1772213709115,35.259137805800684,35.6835552459661,35.18624580915257,33.40056015114124,30.44804588685597,24.53551564657221,22.24883783144829,16.17458383571868,23.76813155468849,26.323175940820786,27.853140883736742,28.206776663680365,25.641711148123207,18.26647443704941,17.577198434848217,26.618941408409903,29.96969234724954,31.93373097802621,33.054945432330534,33.153713949516835,32.665457049482654,31.60634292428005,-2.98894332375449,2.746801533890032,1.803353264679124,0.9670470512125066,-0.2984989342794404,-1.7628443395902442,-2.7112660391400336,2.7766795447670343,2.1083830006434554,1.6180053199603217,1.0475179825429073,0.5369107277236221,0.1297025427126404,0.1137920099541619,0.0739390373180677,0.8379811919750215,1.0516502202138092,0.8671825408232181,0.6202494635389803,0.3217505543966422,-0.0249947942413477,0.1171087420160794,1.2490457923283862,1.1571070747491905,0.7316864359323649,0.2949370717126154,-0.2036585323009895,-0.7109093784817849,-1.3690339765459634,-1.6842313238037452,0.0050249999999998
21.225244253934523,25.875158077928813,25.39521192457845,24.71685575137107,21.515589556557373,25.912651360485025,29.72822423164307,33.343119454960544,35.27669410907981,36.07747730745248,35.164915434482104,33.07985834993304,30.47134896579102,24.573577231453896,21.623830730335072,18.337695299798664,24.460321586768117,26.618586428684488,28.07805300639872,28.353330525094517,25.232385804479254,17.474097499918642,17.16825660503845,26.48104504112519,29.51529744910248,31.74376181757371,32.95381188558974,33.17859228912211,32.50873584898987,31.227440804318697,-1.236059496280143,-1.7398975548364006,-2.6665819038347385,2.7763911809697954,1.6902252551990526,0.1927007609739169,-0.6651026624655538,-1.355438632109426,-1.9724795695463304,-2.47729210584677,-2.95066949828762,2.876260578031808,2.4867605566716566,2.514849755525097,2.411693023363139,-2.9105019797814005,-2.70325608081391,-2.756987940732325,-2.991780189997017,3.0329314387375157,2.770701383701631,2.8198421092772064,-2.1224512920117604,-2.3086114112509404,-2.536047981917579,-3.006615896793838,2.850135838553198,2.429591781388666,1.796755533094844,1.5448281400932369,0.007556000000001
22.02906815177361,25.46007731954304,25.152975916339784,24.90670058023424,22.047693811489854,25.970975506840865,30.23787393879203,33.29072672076844,35.4783929175214,35.699047738173675,35.31771091705076,33.07562178766838,29.96340998264918,24.34233302170192,20.27437356743857,18.905303103703115,23.69351362070321,26.663334584678346,28.420678245954104,28.33267675393404,25.63171442228983,19.30760241448671,18.433512435346792,26.85796826483006,29.710931342682173,31.915603722792945,32.88470328724311,33.102917504847646,32.22731076107651,31.51513163468925,-2.6271413619636306,-2.803714480264262,2.9286543029664225,2.3177518780734614,1.3808080175350392,0.1691012162009006,-0.457068759569386,-0.939716900853263,-1.2515902951355533,-1.4843977762703258,-1.7521160990521405,-1.9059688746180816,-2.0955920956861034,-1.865030896100124,-1.8045395130143485,-0.7086262662609487,0.0,0.0444152149396958,0.0725994538124859,0.1470783543843662,0.0,0.3708912834649807,1.983206765122308,2.0441523639298,2.006479211522013,1.8157749899217608,1.635921488955938,1.3899967463495144,1.0705158729061497,0.8663022606226497,0.0100630000000023
20.08390157879136,25.66586195939168,25.87916913206797,25.014799417163182,23.63921330774426,24.89720066297511,30.295330160902274,33.17828935977624,35.13784128226155,36.360781653210296,35.148192000193895,33.25749136386429,30.86757335297689,25.421593533534384,21.4178553427835,17.25518159774905,24.002367846190896,26.97089923595128,28.01253799121855,27.998363832060047,25.811834749622115,19.223230571105056,18.20927979245926,26.87389130734468,29.898473969688816,32.00136267723814,32.87657087875992,33.1024890255471,32.38609378961027,31.61365254803261,-1.022246915389587,-1.4959364778458208,-2.4250509818513053,3.03390278077892,2.062605477112926,0.5123894396177527,-0.3587706634471516,-1.10245393022035,-1.722171756544934,-2.2011977052160234,-2.719120290500546,3.0895563396430115,2.733103749302688,2.7468015417497518,2.677945044588987,-2.736700871598759,-2.637426674856156,-2.523836920688305,-2.7716865558354677,-3.007781675391469,2.9441970865556377,-3.0367157158830724,-2.060753682349197,-1.9956284878390025,-2.2694561477782007,-2.667192759280898,-3.13072351567698,2.71584158889668,2.101354226473077,1.8249210741468536,0.0125480000000024
20.33800782923981,25.131289800198147,24.48117163999081,23.62385119077514,22.450915673117496,24.83188216227054,28.79305013062212,32.52031212289798,34.858752424780704,35.32773067366199,34.40266577824837,32.69461494608871,29.684315093312115,23.15934877007896,20.261477829246,16.30613859601311,23.34830749735495,25.773266081664325,27.356062485835345,27.241516686824152,24.614257707660222,16.2820782398429,16.992711476382677,25.431970192988192,28.884117469301664,30.99662461927376,32.141696065226824,32.45091578183115,31.89971483023489,30.76226656060657,-0.9179496978371952,-1.1553042436472671,-1.8650308803489912,-2.4468544015290106,2.994514303141965,1.7955074864527003,1.209959552326084,0.6549948254271584,0.2939799338466925,0.0582673037846991,-0.1955806730853086,-0.3930580331325766,-0.534955058838978,-0.2040179879864549,-0.1418970627835594,0.8379812141627829,1.4382447961055274,1.595791120107281,1.5916266455536376,1.6977691157531667,1.5993599834828036,2.0344439357957027,-2.863293001529452,-2.654693427084078,-2.6701327053260067,-2.9065804231370165,-3.0574544152514265,2.966920460510243,2.6392902605340915,2.455863162119694,0.0150450000000006
21.49446728374435,24.50476693762144,25.113359300625827,23.38939415283511,22.45613738646954,24.621952950768527,29.644679030799427,32.62246432161397,34.52845848343682,35.669254872762586,34.48318442750532,32.11530292972741,29.300654937752167,23.668181626661045,21.065667119120302,19.30065596155211,23.47021729168525,25.64420049396044,27.19350585217124,27.85926052243311,24.788532472924693,16.399694109474922,16.327108567708684,25.56350687331043,29.36295109794183,31.317952509062685,32.34099372907758,32.358065564257124,31.891488440518884,30.90286597573922,-0.5191461192260723,-0.9097531330464615,-1.8753071890762425,-2.767259048311625,2.461071402319507,0.990793512195694,0.1624891021016996,-0.597556454009304,-1.1731683220662092,-1.6760964591517633,-2.1716517076811788,-2.590735139776072,-3.023500618156305,-3.0771658165540363,-3.09814175945783,-2.0106388697248665,-1.871716574846383,-1.965587415851276,-2.188552016612868,-2.4265009788450307,-2.70325611394506,-2.4087775410738703,-1.3439974746496677,-1.3886280247770275,-1.738692257637659,-2.1180807264523205,-2.5503006177259246,-3.034856982573297,2.661186834583006,2.3858887328425835,0.017553000000003
20.99343419538455,24.477980604521687,25.045715657003704,23.127590502746752,22.113551502880444,24.84055206383342,29.00931823755527,32.36368692137554,34.89633027950629,35.782705127440195,34.66591843205438,32.339863342669034,29.20529317338481,24.15152383084476,20.53585945717625,17.355226340826487,23.665151938702333,25.841905755004625,27.549620361685427,27.549620361685427,24.992832931339464,17.932732470245085,17.374485663350516,26.04754354420754,28.41675729288744,30.987583937604192,32.08246562264695,32.51396468480072,31.411156094355903,30.7618698485307,-2.875340583923024,-3.0828368273207776,2.5917394987906026,1.9576720194241872,1.0899090134549578,-0.1697782781984092,-0.7237479703750032,-1.2453004497917772,-1.5530990593757774,-1.8293400523896413,-2.062891550050744,-2.2214232100918885,-2.368242076398765,-2.226491916982906,-2.1587989676439987,-0.927295256795207,-0.3625442150852176,-0.3058788946126082,-0.2499786309407702,-0.2499786309407702,-0.2516899583913279,0.0624188099959573,1.5042281632872807,1.869295267118372,1.7206087869122837,1.5291537443346448,1.3109819630450292,1.1383885701480638,0.7947437033229899,0.6235607707165558,0.0200450000000032
20.35238904688258,25.2127564566588,24.25388651316286,23.714762208196973,21.806770068700665,24.45359791743592,29.42769695805535,32.77725128226318,34.557081323244226,35.3385570384789,34.59830151409062,32.417650008549074,29.64657840576185,23.978051257790835,20.85317758882509,18.165952717462627,23.31416346511216,25.712358614554063,27.12643078179924,27.4015168731702,24.851456107784724,17.71192414412877,15.915414584191002,25.910049390210865,28.71281540474001,31.205691898574933,32.40563562506482,32.408642604555325,31.696993361223264,30.70446251433876,1.7126933862555995,1.0951011051204331,0.2741674739739614,-0.6947382523120844,-1.6506263130862129,3.11218936758949,2.27402694539736,1.446441332248135,0.8960553845713439,0.414814311880264,-0.0823819391988329,-0.5162306416335043,-0.8884797993453109,-0.9397169430701744,-1.0074800364522,-0.2449786631268641,0.2368487582185272,0.1275095591576456,-0.1082705867774245,-0.3416154765955676,-0.6659692772119251,-0.4636476090008061,0.7853981633974483,0.6086892989230178,0.4072558625578814,-0.0135126897497591,-0.4636476090008061,-0.9272952545684948,-1.4812925127193848,-1.801886977271561,0.0225240000000006
21.143364511140646,25.87881129371251,25.492755847439163,24.225575224913367,22.886431248758896,26.030061231867027,30.20184504420266,33.37496027604709,35.3141833658976,36.22576161996994,35.29309816296988,33.275670239670504,30.014908258712754,24.6234345063405,21.721375260981063,18.88140869579158,24.22557567452998,26.69917498961145,28.079305199358217,28.2162219699028,25.32118901488446,15.871108956960123,17.114067026679926,26.69917493031796,29.418556471424928,32.09870415798027,33.335055470796206,33.27940569140926,32.75414846799169,31.33376061994149,-0.5763752311058861,-1.118017856149322,-2.045807084347462,-3.1121893637698457,2.1112158329310358,0.7008544021962343,-0.2234765998346156,-1.0796327259927128,-1.6941340276275452,-2.2305441491423363,-2.7626129990494683,3.0481158750053097,2.6374266893837186,2.47562342564738,2.4116930015743345,-2.750985593666386,-2.717398248271534,-2.8268349858596697,-3.122726967324159,2.8785979205335024,2.596728755549768,2.746801539790294,-2.214297422292924,-2.5290550823514564,-2.896613990462929,2.8649243114137977,2.421793638747868,1.9089388634295468,1.2803943801345203,0.9791966305489554,0.0250570000000003
22.31860165823027,25.325985931093925,26.14976379848754,24.03066161364128,22.589770809857527,24.98637801056105,30.172377519758648,33.50575289645955,35.24680962927298,35.899995034562465,35.05366367400143,33.22451963558337,30.28089803825479,23.903036063398226,22.370752328190022,17.19539381674529,24.2602978073297,26.50183691818908,28.01869976466773,28.5566431262823,24.628231422586676,18.25086752103486,16.173824409822423,26.60081937758752,29.40058555752437,31.345127645380693,33.10701168290527,33.11284235884852,32.584838730083206,31.39660937827424,2.9945142965292537,2.5967287555401546,1.71269338306005,0.8066715512252991,-0.2880554501924724,-1.8157749899217608,-2.578276394729096,2.896613990462929,2.3620423189450244,1.8585793755503788,1.3750591436379878,0.9335582219168812,0.555493716445748,0.5456550340935695,0.577901946214442,1.4382447939542304,1.6588037033166958,1.6614562165483922,1.418146996239385,1.243396137261366,0.9048270988472732,1.2120256633503086,2.408777557309329,2.2769954431770745,1.9181822813318763,1.5059523040120828,1.050337869311199,0.58213756771329,0.0,-0.2606023867850486,0.0275550000000031
20.64579962405775,24.762066517522207,24.831499969504712,24.166621793445376,22.225409647102488,24.687947009282396,29.201281066743885,32.61530749753564,34.877747592854014,35.52813996803431,34.51658827550544,32.42173456018244,29.454411034460616,23.982136738071357,20.64579962405775,20.108238003038025,23.93158735645265,25.82464136807261,26.749124639212752,27.599233045440755,24.45392748106371,16.83464865917472,17.42270407829443,26.10321575241397,28.867698401397146,31.21215464438368,32.28648308150359,32.359506474738154,31.592087008639133,30.681766088557545,1.9936502932958684,1.4570043196511886,0.5645693644116824,-0.3409789337563083,-1.4181469983996315,-2.9105019863938963,2.3923233857431545,1.559302580079866,0.9680528153136488,0.4415923350258766,-0.0739390376579403,-0.5162307103040045,-0.9736197048170308,-1.1210367399389738,-1.147942360293925,-0.3985224456664202,0.0312398334302682,-0.2023216283783037,-0.4434483364197382,-0.7419472142732776,-1.0808390274159396,-0.7853981633974483,0.132551523817625,0.0730405711914178,-0.2321038222691891,-0.6705215253826282,-1.165904577030857,-1.6775320010764003,-2.2738125979087744,-2.5814712694064004,0.0300540000000033
20.88426447176056,25.13327337047894,23.98742060928205,24.328612018780117,21.803593372202208,24.806983919405468,29.487350181433182,32.58388286082882,34.82940066221329,35.73299427635399,34.741836856992066,32.60517628301195,29.45782670842892,24.07424083059212,20.719047896011404,18.66008556133726,23.937018362886818,26.164789915988656,26.36015013077691,27.599248529206424,25.039245742644937,16.39387262692945,16.934625693050737,25.96552575852556,29.044136842221786,31.03189588820312,32.369249014916164,32.5479669359808,31.72978143308525,30.74555628837629,1.3473197218363335,0.7469555805525026,-0.1243549945467614,-1.1071487177940904,-1.9809236611572896,2.855541236628223,1.9237867399008504,1.1174575989301754,0.5633162614919681,0.1044571239736728,-0.3871840924004985,-0.7935280717426046,-1.1810877543915526,-1.2587542125587583,-1.2490457793387055,-0.412410428854264,-0.0624188099959573,-0.1453100148800083,-0.3366748237148483,-0.5369107264710935,-0.9218007956649622,-0.7328151125231164,0.4324077826802683,0.3529903724224948,0.2449786631268641,-0.2082059362388097,-0.6765859097597234,-1.1537470993826602,-1.6983058875241406,-2.0280745904468334,0.0325560000000031
21.327396598706216,26.00217730027879,27.124073950847286,25.65622259136305,23.71141813130169,24.45708531009213,29.712909889907536,33.07115804460287,35.27410202146616,36.085138817112,35.27498862169057,33.06870180754907,30.98881329470252,24.826338767361516,22.63507881991375,18.723013211798914,24.58022275547917,26.108379235474423,26.822234242878928,28.752312303898005,26.012167400894448,19.16720410182036,20.212834319235466,27.32039880694409,29.64427892355928,31.77851108009357,32.94208839523989,33.13984338844253,32.81375617390003,31.389309719133514,-1.7359450075736274,-2.098870788979803,-2.706239402346712,3.0916342535222,2.4668517599406194,1.094328896684319,0.3019511462179068,-0.1494157145322693,-0.4710275547850435,-0.6735672468906058,-0.9140946798574356,-1.0595656109124925,-1.2404989472349313,-0.9218007963564628,-0.7853981633974483,0.3392926113901223,0.7454194826369364,1.0222468930166222,0.9403948815898646,0.934288089095031,0.8023456394400245,1.2490457558020076,2.4887460333599223,2.996780148579755,3.0309354280789,2.866682811502681,2.6344941324968314,2.386036370870149,2.073639572125726,1.9129522042501603,0.035071000000002
19.537892695887017,25.56140254388241,24.75852233203428,23.49628426048288,22.819009791117995,25.156193466491366,29.62891442881745,32.49488983526958,34.75256886596712,35.54362224466854,34.62598733793979,32.59451796594281,29.80323646662785,23.6162881602602,19.491068327803696,17.084163062299908,23.820804320262447,25.823836552247435,27.494363708804144,28.010442904662757,25.15938584693858,15.779801263260564,15.969243078103505,25.47918090126973,28.474633001620568,31.06356327158319,32.55168471203808,32.560400819959185,31.7573120748996,30.60780896020006,-1.1999050353783538,-1.3886280169726672,-2.1745456633228644,-2.7367008505590653,2.6620733897315665,1.3521273737794297,0.7051113338351321,0.1402496188627306,-0.2449786631268641,-0.5333872660819992,-0.8305288213731017,-1.0659349468917605,-1.2138843835844804,-1.0636978132398482,-0.8960553687787037,0.2782996658771448,0.6055446674899597,0.6786625066704006,0.6973908007076612,0.6747409481457928,0.5729661400341951,1.0714495989284776,2.245537274940689,2.5608363013480577,2.461071450210193,2.219791897519668,1.987845541204432,1.7568545123827566,1.3535029121166045,1.1849136720510165,0.0375730000000018
22.25370345089788,25.95036643983704,25.711197391001864,24.232241667848527,21.95956960502173,25.69781352897025,29.998524767129343,33.24855949875974,35.60131215790287,36.24044439761703,35.25362248894412,33.016784233663536,30.53377462954943,24.824822748788904,22.91215382480501,19.876321972140826,23.7604514748369,26.701093535724304,28.34045255171945,28.287613877981205,25.21634427759249,16.54732598883367,18.7214969946266,26.29312063699881,29.593849446044278,31.83479662496648,32.733381257485114,33.16914963208101,32.61015738175305,31.53008181829491,1.4968572882877504,1.2261490013159937,0.767856102114263,0.0,-0.7583776589604838,-2.0344439357957027,-2.5829933062735653,3.1311763634427123,2.834916315078772,2.5986414827740654,2.373736574765404,2.173634626119454,2.0599161856067347,2.2197919188644053,2.234842477945748,-2.6344941444995857,-2.201875750761929,-2.0542433303139798,-2.026247365260116,-1.9684243128987409,-1.975688089039844,-1.642103792212134,-0.0554985079271168,0.0696545743986089,0.0317353735597928,-0.1973955670322022,-0.349715264086898,-0.5909180357371882,-0.9205688705577684,-1.0673969180011151,0.0400440000000017
20.76169759981984,25.282082696005293,24.8300352932391,23.94046719873245,21.29178061281805,25.055387401849814,29.179834619002516,32.5821033273438,34.787014784900606,35.33311345187424,34.43340406358295,32.42160675121322,29.250269322010823,23.418867691547632,20.866142041375536,17.525387429419442,23.039678634097683,25.702792391741287,27.70712682028575,27.609933227228492,24.823125619594848,17.013862015943626,18.258026271573307,25.74494310989788,28.002960279714245,30.725428402147426,32.3488690442841,32.670978312218125,31.582775602160183,30.746696637866787,-1.7063240456985471,-1.8417431882491813,-2.4360245067427098,3.110352820159525,2.205823058702772,0.921800786829594,0.348771003583907,-0.2449786631268641,-0.632748823789939,-0.8986834851322838,-1.178158834102837,-1.417252530831684,-1.5707963267948966,-1.4711276759041625,-1.2068173578019166,-0.1973955567413579,0.2449786631268641,0.3378781863484856,0.372987718620195,0.3995154866827509,0.2860514293624256,0.588002594221999,2.14213379962593,2.193995657977976,2.104504548138879,1.8608832876820371,1.6539375625054429,1.3868528735531132,1.025932400921764,0.8358603366246774,0.0425760000000003
20.986076720455063,24.81593944865022,25.79333056045463,23.487460291607857,22.151132464578872,24.20030813469716,29.31116554041316,32.637035046444176,34.62689404534726,35.55499027005684,34.45937670565917,32.32944174396526,29.642126800238955,24.13204015716165,20.37742729962729,15.785040035189503,22.68530663501977,25.77118652049013,27.98412029146024,27.460282325422845,24.76376112906532,16.681616448280025,17.66419717090148,25.966529877740676,28.785647317288547,31.11201592445628,32.05360643864892,32.275161930905846,31.58724105268575,30.981062895854315,-2.480549518338937,-2.855541196416077,2.5535900364665367,1.7359450147031643,0.5667291861197432,-0.9575889850445104,-1.9138202891762743,-2.677945044588987,2.9674487191334253,2.4374107648309304,1.9219501764427,1.403694532480888,1.063697834612142,1.0251412668401594,0.8519663314682359,2.0701430484750265,2.018316317098934,1.8525682077133347,1.6099919285822208,1.3611564683092272,0.9670469777542408,1.0427219085445505,2.356194490192345,2.2686991280436954,1.8981965441718585,1.3921653333367376,0.9861950543241236,0.4850347018760749,-0.1821683072220541,-0.5070984625309135,0.0450700000000026
21.10370886373596,25.91494830005196,26.128738735564617,25.323630666127176,23.179640737547484,24.162743184186905,29.907279219670063,33.24229716703324,35.347817283136486,36.12423237691669,35.011343395367824,33.01188767215164,30.284667503326837,24.42318107415357,21.352782039972578,19.18150119525153,23.54269779044333,26.55299756506775,27.97261516201516,28.410298196702417,26.0061236280066,18.81427344023429,17.154364230588204,26.252597690249715,29.442304331361644,31.727047633967715,32.9046485763187,33.08464462277189,32.26685724992507,31.454808832514225,-1.5707963267948966,-1.862253139765425,-2.488746033491748,3.115957244861182,2.4258490791091805,1.015302619212786,0.355230830702618,-0.2074962232271919,-0.5723088295826679,-0.842926223785578,-1.1372148371506754,-1.3899967546185263,-1.527345429818696,-1.3120254511262672,-1.197808611603688,-0.1566018783439748,0.4214191999027054,0.3639789714777133,0.3875237762752101,0.3103874090842881,0.239231572235055,0.7086262484135538,1.975688095703257,2.241940166508253,2.1632237017740894,1.9740778039663571,1.7429871510264825,1.486784008944072,1.0916860825313148,0.9019841895160564,0.0475560000000001
19.815539227714268,25.137401157804824,24.987066229597644,24.1052062333009,23.618563400542264,23.87084771892132,29.22341277307791,32.519951754508114,34.929826583183456,35.69437340114484,34.40619655743562,32.35792045691354,29.563312078163246,24.261257067731083,21.61637875732277,18.12515706587773,22.955167398951502,26.085893843335125,27.204223142474422,27.589752821470118,25.24213229317695,18.45161384230433,15.471163054965638,25.93616823726565,28.90349468693257,31.14271650341413,32.32305694774404,32.4608634689936,31.755052389770974,31.11441796360687,-0.3058788665157639,-0.7853981633974483,-1.8224863134150124,-2.664247213861063,2.7069224465873183,1.1493771064548386,0.1707352187595163,-0.6202495069662585,-1.257402120837869,-1.7903401531079377,-2.3098700911376246,-2.8160967972642603,3.0598082733604053,3.020968978861828,2.936197257940897,-2.22649195664418,-2.207304499872061,-2.356194490192345,-2.601173167591033,-2.87174350009998,3.033902780654841,-3.082836825017701,-1.997423809951047,-1.978945437716637,-2.2813346690206058,-2.7206020544856666,3.094009548666061,2.573068122875458,1.920651920519011,1.6391826704760315,0.0500780000000027
22.13001920260092,25.985680546526154,25.516933774377502,24.433073560147932,22.570481804899867,26.020684203132557,30.1121794929221,33.30170810817688,35.183109772170326,36.21856222070485,35.041923623428275,33.09911948669637,30.02392488421672,24.67731886554077,20.435690363336413,19.082966483242405,23.66131402497908,26.16035672762434,28.41821181994909,28.34446628109453,25.49731415019197,18.21419791457441,15.985680281582702,26.111858699350705,28.99723501988727,31.41343151940876,33.207548155408524,33.23979192227506,32.75605045898364,31.427078269531627,0.2267988550458491,-0.1691012283034707,-0.94759698916742,-1.892546881191539,-3.07028519259507,1.862253125839991,1.020120780333497,0.2726098054595334,-0.2874632251477667,-0.7592261364055302,-1.224921762952432,-1.6556981177834476,-2.007423497509776,-2.0344439357957027,-2.095592090182303,-1.1309537580819302,-0.763179629522829,-0.9697225778254956,-1.1396575742426376,-1.330262081523688,-1.698305886942196,-1.5707963267948966,-0.1526493269564565,-0.2392315966094027,-0.554995725037158,-1.0149255354526976,-1.3918791550074474,-1.856259191393875,-2.4186133059995214,-2.6894387978803422,0.0525570000000001
19.04219320658858,25.926284072833724,25.3528503399726,24.943800899542467,23.086317273485733,25.316096876486768,29.499767201379196,32.707964508437726,34.29283485654391,35.4314302099477,34.32927547104856,32.487707944652165,29.942409694075288,24.07080900962093,19.945588536584925,17.98415573124314,24.095322016293107,25.926284072833724,26.941639654889272,27.98249096322391,24.616794743319844,17.416105512075127,17.08110863984216,26.11456900678564,28.96853650925379,30.977784318561163,32.29656072062727,32.26500656678516,32.021735142362616,30.776068094888824,-0.1651486686615736,-0.4081490947865758,-1.0121969732427798,-1.5707963267948966,-2.4292350692931777,2.701750052883608,2.0491487613246537,1.5594331795933296,1.2430578186208825,1.0104364461377098,0.7853981633974483,0.6365082458779127,0.5055810634114772,0.828849066121726,0.996491472922902,1.951302692739573,2.4429328051710373,2.7334435588032173,2.756987953911685,2.7392715162550587,2.5615898809987327,3.009041128187582,-1.8490959926744583,-1.4735431324079304,-1.483300973677006,-1.626294827930045,-1.8360034299038896,-2.0290964026329417,-2.36488994201002,-2.5378432716520543,0.0550530000000009
19.81688877983809,25.24348155617708,25.442663993193506,24.447276990933283,23.030217257224784,24.66759209985768,28.903494277915858,32.46756375040159,34.846798386182286,35.354619068817854,34.43294032959754,32.61994250430103,30.12817423903154,24.08204253136792,21.5522011108281,17.80838385412465,23.4904010947946,25.926814280886425,27.284681537912707,27.77700153020248,25.20568945805481,19.956822242096912,16.10785120253518,26.04573393642272,29.052122098227606,30.92337947976773,32.10590710634241,32.40713197928211,31.648690763567146,30.925922976130465,2.83571376996412,2.605781425437752,1.9756881030420503,1.3329604005998048,0.5880025942174406,-0.6837092956354729,-1.411444670206389,-1.992583580293297,-2.349905300556646,-2.6141220804775798,-2.896613990462929,-3.1300989066584566,2.9411940933936145,-2.956244699932464,-2.976443979453319,-1.892546881191539,-1.40564764938027,-1.3197936509266908,-1.356735648485587,-1.3891474807660118,-1.5167948277440373,-1.2178059401513193,0.0,0.5404194921165236,0.4481449727439586,0.268703022740729,0.0121945169612816,-0.2621198326498619,-0.6486424824453269,-0.8545944321706993,0.0575220000000022
20.36216180537273,25.443716414874697,25.10432426137819,23.94996742796584,22.0056898014047,25.222528350832185,29.033561921378343,32.66665045734307,34.571249590219786,35.58428453725169,34.4343707711623,32.4111956862986,30.04283846392452,24.511894723268508,20.92273589113158,18.207542267117425,24.119813665049925,25.775179840538858,27.641187142127198,27.778054099261624,25.297516490561005,17.72169735074679,17.668190276349748,25.6398924395632,28.1837013739798,30.6133988936257,32.122430225727804,32.466833602754186,31.851614202058304,30.876688377330996,-0.7853981633974483,-1.3321870123160664,-2.1815222607970384,-3.079173843593836,1.9295669970654687,0.4756952343446471,-0.2997760542907938,-1.1839206090638683,-1.8024127569521544,-2.3273007848514635,-2.82869144799575,2.928032226565752,2.5879113564445717,2.4805494847391065,2.356194490192345,-2.7049655008581177,-2.732684839160336,-2.7798634083501845,-3.100798970974063,2.9599438282805903,2.5461827974876927,2.677945044588987,-2.356194490192345,-2.4106859784111783,-2.7895483478193945,2.966920461093068,2.59073508915663,2.0710767380217203,1.44488370524028,1.151145446274341,0.0600459999999998
20.841414209373003,26.0389513437292,25.810188766513477,25.259995276612138,23.585606692394503,26.063641894851976,29.79480560128256,33.25584568513344,35.53685590129726,36.46636275916179,35.39704468359878,33.07544297246292,30.235664514030912,24.7547606977141,21.50150733313299,18.267331803406453,24.10631856489898,27.736681108999587,28.365522718084108,28.72149619897784,25.791881231277447,18.567952078716093,17.4368094469687,26.27740947762288,29.27832419668785,31.60376392288955,33.07887071923861,32.94818258678141,32.41250191980926,31.51205238158285,-1.6142472218339246,-2.1521765151444177,-2.9441970961351247,2.4301335128973647,1.379611847709455,0.0,-0.8621700010788836,-1.6228326390163197,-2.2142974228341554,-2.655440808266021,3.133462751372805,2.7492524783524304,2.335364183989128,2.4149502716773816,2.270689172290277,-3.024483911148373,-2.838707781668885,-2.801210728781552,-2.976443958221864,3.1065193235543127,2.6559705771296382,2.8555412134591123,-2.356194490192345,-2.107231818814161,-2.356194490192345,-2.768095493602688,3.0778493366770427,2.6104150426973303,2.060079347459798,1.7756730462485166,0.0625610000000023
21.643985844187505,24.833582471082064,25.26905885718261,25.11688177979234,23.506588679898645,24.414486058098245,29.10659503306656,32.637423471892895,34.63630218165067,35.36671286570584,34.400049306825224,32.40759094417334,29.8611226680708,24.01343680242151,21.323794966966567,18.25122902188148,23.07439149973261,25.93496513484122,27.10002093298006,27.392426211463597,25.161820414939168,18.56859349105445,16.130921090534596,25.63628665560426,28.88877494838241,30.98646432659533,32.37313504604137,32.4762856249056,31.89704429438311,30.604325852716453,-0.4636476090008061,-1.0062269854678354,-1.9264322201473347,-2.8370817372164714,2.425849084816896,0.9745972092330636,-0.051678082755863,-0.8584387685208102,-1.4520909948874203,-1.9481923272544248,-2.475623424375717,-2.9280322273758226,2.934909428816962,2.761086298790494,2.6590793412965272,-2.5702551737561663,-2.331809057937144,-2.373736566974249,-2.716760527211378,-2.972995724228864,2.922923707715851,2.966920444810227,-2.137525504351765,-2.080388594163133,-2.3062360460605067,-2.8023000212166385,3.0231026998571355,2.488745994938714,1.849095992459482,1.5852880648412675,0.0650760000000012
19.216837955164294,25.240574464026707,25.43376240991811,23.933315683557893,22.45930552392517,24.73570769353056,29.263032972511024,32.47593152893084,34.70743778503938,35.768721788578056,34.626927526937045,32.27767768784836,29.619339050724594,24.5924812196852,20.2209420699492,15.557939721353456,23.29059935131344,25.5666748635857,27.39207105468964,27.42443153955816,25.190111858261098,17.424432049469697,17.424432049469697,25.82636925718214,28.49771658153408,30.815777514703967,32.36366728620841,32.542973373262775,31.81396396207981,30.66104991756927,0.6327487929216336,0.5358112421654805,-0.0525830611081837,-0.674740961163221,-1.5337762118351137,-2.7928216665377747,2.8144945510326247,2.2236429854471,1.892546903378008,1.60278541112899,1.350149147847673,1.1392232456239366,0.9467732554073452,1.1849136362424986,1.2793395545798274,2.530866721773001,2.7985686912085006,2.9594243463677263,2.9729957137668444,2.952393620045385,2.8112953320848084,3.0090411292406465,-1.7033478511440434,-1.3684746956607814,-1.4968572909577678,-1.7126933775164288,-1.9337221100401008,-2.1748746886614714,-2.553590077193499,-2.742371875162944,0.0675750000000015
20.645708616977203,25.482634267152967,24.950307831573056,24.04854174430767,22.660872476414777,24.70207185653198,29.2612141245832,32.65121073477433,34.90347688510579,35.68420992180366,34.6610753839431,32.54290472843501,29.549488443952736,24.44255082172495,21.783058200300523,17.516416219150223,22.54582074116717,25.556120505380804,26.97556099169152,27.990662896072035,24.76197555797789,18.943091498091228,15.972696788045951,25.55612105436136,29.030403388777877,30.97174559063391,32.16592080527336,32.67617331566397,31.582545952081425,30.992635651693444,-0.8176450700537746,-0.990039978528858,-1.5707963267948966,-2.1587989137465446,-2.922923709619501,2.111215836583729,1.5031033021575395,0.9891428488602396,0.6664652896814701,0.4600374786749976,0.2383708291461825,0.081216306841951,-0.0654800293400136,0.2378359358777571,0.2837940998880593,1.3734007576098106,2.067219072380761,2.209116130894434,2.2627176686203607,2.273053249376443,2.1745457180841448,2.553590005233242,-2.245537245338906,-1.8597717061629804,-1.925501991688194,-2.04686564213812,-2.236085766003824,-2.4775464710347816,-2.770701367379976,-2.9605000082393182,0.0700740000000017
21.190873966213665,24.26053259492246,24.260531778602477,24.51618501305798,21.505885523964533,24.59331367495587,28.708183793782965,32.41528800094321,34.83922317073938,35.50037786274806,34.74990360087165,32.4654888421956,29.21767040865684,24.33843484336991,21.28546124573441,17.647080018992657,23.50706624824005,25.946120350199266,27.73272822422651,28.12281755669106,25.48528554738633,17.700807435435642,9.954747863963082,25.727423170979225,28.885189575169264,31.24078889859011,31.937965139650256,32.48682737989662,31.45519473674752,30.97774567880821,-2.969401833279081,3.0209689931343293,2.377467883243121,1.6879050759164604,0.902506884776753,-0.3858826710251735,-0.977793782577213,-1.5707963267948966,-1.9347752848420692,-2.186251976666983,-2.4837040433852544,-2.7198054064668544,-2.830594386448737,-2.677945044588987,-2.506565904259588,-1.310193946122467,-0.8550527141416995,-0.8379812393076899,-0.8424789063177494,-0.8809962546299246,-0.9900399613021956,-0.6947382921076051,0.8960553904894232,1.0957855667703484,0.948493407155146,0.7758746756054837,0.563869391167854,0.3328202160980983,-0.0525830617785116,-0.2382447559342315,0.0725580000000007
20.7558388626911,26.412955154779414,26.29326919032274,24.98829778142968,22.73923698723576,25.32475264882692,29.9767024359176,33.35884682702882,35.271341790829254,36.34338582800359,35.0996849026206,33.143053368286274,30.380989068891857,24.477166227724677,20.688505027776863,19.99067079223001,24.66790511449724,27.06910567065241,28.56510182154978,28.362672595613603,25.97626666511928,19.07355228948773,15.209485473953562,26.148530721562977,29.53420207253251,31.33220727316321,32.96897793265005,33.47336167857334,32.681191992218345,31.380935673542663,0.6610431611834926,0.1839434557556263,-0.7690062126554565,-1.6517004225143563,-2.6311043365292184,2.115660262328413,1.1818394360659994,0.3900480697371379,-0.232979232571352,-0.7647825569972705,-1.2543648531216562,-1.7723241009465056,-2.170846515121549,-2.214297435588181,-2.356194490192345,-1.2793395551779283,-1.1071487177940904,-1.2021004384719156,-1.5350972137981411,-1.7359450101959215,-2.0451962153482794,-2.010638919493277,-0.8441539895501892,-0.7853981633974483,-1.1428478218392748,-1.5318549841594642,-2.0152155643319083,-2.5001199326089507,-3.130482000015162,2.8402474491338587,0.0750730000000032
20.63826321416148,25.957299313057757,25.6152017718953,22.901662405251905,22.509129626676724,25.22817366245288,29.80471728414085,32.4648888001594,34.67898643245226,35.70159747673479,34.7583784399485,32.786481737975635,29.746347601554135,23.64856329966083,19.439741448748844,14.19107745397641,23.06993390684332,26.23476706467786,27.76483021025812,27.66392967137133,24.28566413115611,15.965250937105726,17.79621283772075,25.548675221573475,28.635536319572044,31.05711225599539,32.20089527251744,32.49737583469582,31.804699513367662,31.14878540627828,-0.4228539140120191,-0.6979028142849077,-1.257175684853877,-1.892546881191539,-2.8430937233167137,2.203545158988716,1.5866680101079331,1.0444039646909478,0.6181442354959669,0.3879800540778395,0.0898475363307411,-0.1355277061015749,-0.2256012631855588,-0.0322468817408261,0.1048769337386559,1.2793395412316522,1.5363272281755769,1.7634970773830354,1.7524451520969526,1.7960731188313044,1.7211677595994428,2.2455372630934867,-2.8198421089100894,-2.503272852102183,-2.6292031932790554,-2.9199430940965194,-3.117500930429187,2.930499320367047,2.553590022861977,2.37542287564164,0.077579
20.9889981754326,24.58078362690993,25.011611697962625,24.591727176950418,21.99800277626242,24.56248140637483,28.784408056862667,32.60267812959644,35.05472754142813,35.54359609723318,34.60482371264441,32.33726407426841,29.525044057974064,23.52312374116782,21.224688448761103,18.316027581556614,23.27872358620953,25.63882032649148,27.34885917857872,27.836071212517616,25.73788194272769,19.40403617976697,13.82896438250582,24.985069964254382,28.571127481447096,31.096236530488287,32.04082323721844,32.19536963187891,31.907696039012286,31.085631281277504,-1.837048364749645,-2.0863453048745053,-2.6532586907090416,2.966920459465792,2.2455372690184494,0.9505468408120752,0.4236689348979905,-0.1386397325012571,-0.4014710499890099,-0.6632030021211122,-0.8760580415084008,-1.048704705852914,-1.1659045405098132,-1.0191413609244675,-0.6947382974062184,0.3028848683749714,1.0014831445054526,1.0612040850130462,1.1354430645861515,1.160669009393358,1.152572017222582,1.5707963267948966,3.141592653589793,-3.058451426162664,-2.994514306016172,3.127894880307953,2.9562446860182123,2.7319465302650454,2.435672736008751,2.3076888560523483,0.0800429999999998
21.47570984853516,25.99910341087988,25.89792380985117,24.128044644043776,22.54980179240038,25.98156625019921,30.449558650761887,33.22621897709392,35.17537015714894,35.745569893258825,35.24522877837902,33.18052813852921,30.71073611470186,24.59791140651952,21.22038392924812,17.898627981713755,23.601105348945094,27.060721022001943,27.596111615690766,28.459738484367023,26.01905968668863,18.70655525873896,15.981566110162769,26.213734036870022,29.32633627048525,31.669008064178254,32.87532247963208,33.17909255550079,32.53150625533684,31.949125756787858,2.38475815453112,2.098870788984673,1.4735431338262686,0.9332475180684916,0.035699111410372,-1.0963964416998049,-1.892546899302944,-2.4374963809131804,-2.801374515879004,-3.0162686746368355,2.966920452671434,2.776679543014841,2.615526219089103,2.766321826774665,2.846151827648196,-2.2264919678487343,-1.892546881191539,-1.63453963427509,-1.630724481320572,-1.6794575392185174,-1.763497075182044,-1.5707963267948966,-0.1526493255162845,0.3587706702705722,0.2648173181772366,0.0374824348265457,-0.2080561301980551,-0.4683424488302251,-0.8093935304836927,-1.009632893523173,0.0825770000000005
20.426166120714573,25.650209505455965,25.00015849080103,24.20371254111705,22.766207747641616,24.041794763218608,29.122069739669595,32.811885408919416,34.936182951899966,35.79748030547172,34.72256044433435,32.61706652585444,29.625620725782728,23.97529898571761,20.638961988606766,15.858711130382082,24.262908770645645,26.477474480456777,27.592395121660864,27.98391629475225,26.12200032896135,18.471339818307012,14.348295738657033,25.039670038781217,28.78680766092124,30.86673408869247,32.224216903150214,32.39204218942664,31.651543312525337,30.89746894411293,2.223642926074196,1.8033532622285549,0.8831250811161213,-0.060532022448939,-0.96299432077912,-2.553590066651042,2.8632929945846817,2.074623326792265,1.456255636681922,0.9209258990620012,0.4273732098768047,-0.0459446591386418,-0.4708938768365976,-0.4497596065111989,-0.4228539059330298,0.3217505543966422,0.571337455280161,0.4324077787302639,0.1853479402184298,-0.0587558232741225,-0.3985224548110388,-0.3587706702705722,0.8519663271732721,0.9218007971301908,0.6078020060157766,0.1836223219523644,-0.2799498169148103,-0.7687330634275189,-1.4161957669646472,-1.6829991395082355,0.0850600000000021
20.61173113556428,24.70436138914292,25.228484534165897,24.888456840631164,23.027780515281066,24.80259062865582,29.102846459968656,32.68919753156401,34.75550767965332,35.65440224617079,34.481970567717404,32.36170432182581,29.27466633147779,24.260169843755573,21.549764319603028,19.81445221913542,23.86976156197665,25.93508095351217,27.10013666070621,27.92587858573831,26.131036044627965,18.539464419926546,14.690146129221445,25.30331053228736,28.70358563855365,31.10033343411828,32.19358535439359,32.417329921138865,31.5387468190354,30.769088472341227,2.8632929976369,2.6011731342877296,1.9862883904057016,1.257895100434646,0.5880026035475675,-0.7454194669712306,-1.3801574125284102,-1.993650281178309,-2.2862451339915144,-2.5580843982355184,-2.811044678208796,-3.034856979308702,3.057048901814152,-3.0209689823745625,-2.976443976175166,-1.876675201867024,-1.149377141048992,-1.16264722542899,-1.1459641730106642,-1.1866269722216518,-1.3258176636680326,-0.9505468801609448,0.0906598812339086,0.8042638356026713,0.6831914175044815,0.5310300757514764,0.3064845761589849,0.02352506984396,-0.3176353305788991,-0.5209097384602708,0.0875570000000003
19.590143032887852,25.65942786365732,25.67364345236617,24.654582709102204,22.47776989023796,24.833880642079365,29.49699337909604,32.56400372786092,34.48812446938034,35.47887635953822,34.09818584323965,32.43908541560473,29.50874677604476,24.104301357390018,20.435384254182942,17.976463041285566,23.320629379377223,25.93526342548619,27.86822160157113,28.02298343510763,25.14291630624585,18.12425249087797,14.079787995512014,25.693468431976804,28.60517403635369,30.712706848302915,32.65880000790002,32.55237122947217,32.0621238628664,30.59640749811066,0.6022873409859717,-0.0512371681989803,-1.0040670750154446,-1.8925468988385412,-3.0676536208973286,1.7405746034571667,0.9964915534349305,0.1042716033602335,-0.5133990330801954,-1.003433007747481,-1.512609651103293,-1.9556599903038572,-2.3794461046085584,-2.4429327997325667,-2.4887460076547487,-1.446441332248135,-1.3339475631216138,-1.446441332248135,-1.6902252639121975,-1.9295669704740972,-2.317751839957608,-2.2264919602526785,-1.0636977949331698,-0.911990276784856,-1.3125441027849871,-1.7288863046760856,-2.193705410948718,-2.646867003384624,3.0187574112148194,2.723368321151698,0.0900720000000028
21.580749864044723,26.41830265953699,25.79699817016039,24.813467588483405,22.88511192402467,25.4480675327803,29.966032329344063,33.197767103301274,35.25804660347106,35.928573487970226,35.15360213331626,33.079900201525064,30.69809171029013,24.400197853283704,21.152275619916008,16.654667076123754,23.295312137718568,26.65466689622645,27.700484078611822,28.52037012003771,25.817903437670644,19.224082167452792,16.718691652269744,26.470207016516053,29.364566542678595,31.642547269058937,33.015273352409295,33.01825473513016,32.718586946620206,31.536962180337223,0.4993467089906811,0.1839434583596667,-0.4306925101849135,-1.020943109457493,-1.8490959740532893,-3.064820762320015,2.507209845076368,1.9688106188132688,1.587323747780218,1.331383469136334,1.054762244057849,0.8379812124291103,0.7162018567902729,0.9907935260681668,0.994421102702406,2.2565258229072955,2.5899376689236457,2.7776137039839632,2.757423257414319,2.774418822338898,2.601173170060751,3.0367157206588984,-2.003204112083696,-1.5707963267948966,-1.6850506599086903,-1.8370483847029369,-2.048797017525519,-2.295662430310185,-2.68289551238018,-2.8720035846414933,0.0925560000000018
20.532536556969127,26.53105689202366,26.625210786234483,25.473630394202985,23.26548377640462,25.74455364364999,30.01086874844149,33.005245884940514,35.021072545498726,36.26002689021245,35.08299362529377,33.2982258560618,30.96803184361707,24.84910980228593,19.591972498999805,17.277626117253075,24.03768989662972,27.2589470446813,27.98315747704501,28.6173986965381,25.470805647925012,18.70951766899617,16.98863189020703,26.590414337123818,29.08058368431004,31.54476268535362,33.00574445490713,33.36710799967345,32.57593814666225,31.564951096344583,0.9453113188733184,0.4939413445578031,-0.4136892410913865,-1.232918141144443,-2.332942869534937,2.4436898188287293,1.5102643104292612,0.7853981633974483,0.1106572211738956,-0.3613568899847993,-0.8749781096420904,-1.340891906783149,-1.7203560599082064,-1.735944995238464,-1.876675185658343,-1.0191413570876502,-0.7641247809780483,-0.7266422926092189,-1.0729739999905925,-1.2827408860228815,-1.6730030419867017,-1.5707963267948966,-0.4939413643517479,-0.3430239524362415,-0.6300339118032972,-1.039072223697974,-1.4849860679270608,-1.9608444091539865,-2.5973121847944487,-2.9119501909207117,0.095053
22.065859323083707,25.429971415159734,26.11531914593889,25.204351437599243,23.270097257633694,24.61583008956,29.717409209901614,33.14772532070597,35.14621818584969,35.99315556170971,34.751452849554894,33.14772532070597,30.85553320135448,24.436533704774508,20.76871340622043,17.75841284278849,22.902868791846164,25.93610004940708,28.415933791494883,28.450254077210197,25.82542933832829,19.23160828445342,14.577778952866485,26.16381643337625,28.747511310371085,31.660289101300545,33.22858211328756,33.269157654234675,32.507297212875336,31.83101480778527,2.9516043727699297,2.746801541742174,2.2048190241055066,1.5707963267948966,0.8086497948155562,-0.5645694141889048,-1.2688451542367205,-1.8157749899217608,-2.1169628986109896,-2.388441342280132,-2.658339753205543,-2.896613990462929,-2.9899871541446257,-2.819842099193151,-2.875340617836585,-1.446441332248135,-1.030376855796636,-1.0096328725763812,-0.9272952180016122,-0.9526521393774392,-1.0303767930702277,-0.8224183310793806,0.4636476090008061,0.9697225535082484,0.9973558164910534,0.7765488337636998,0.5619215505248817,0.2954408586674876,-0.0454232760869465,-0.2479548103465509,0.0975780000000021
21.238223766134205,26.159080779088274,26.07139082711353,25.41379940376341,24.19199828742236,25.30656080187336,29.96380449586224,33.080731133571824,35.49041674294331,35.71861971174027,35.085340735603175,33.182888633008986,30.49614390737772,24.993282995297747,22.12874382200049,17.753676835871225,25.21762363960153,26.653155379849245,27.665937839922595,28.480982307527302,26.078766240811035,19.081690578543903,16.721481951304167,26.70237382965012,29.143986599688443,31.531361804363435,33.09784360950554,33.1972202830551,32.62669269264296,31.508906079207502,1.4876550983402546,0.96972255792133,0.0238050254798278,-0.8398895894424753,-1.9018923861051105,2.9849907732435828,2.061648110876807,1.178456189319156,0.5790742507931897,0.0942084923226558,-0.4259296814555378,-0.8894980813189108,-1.2807093891781338,-1.3258176636680326,-1.3439974801396088,-0.5191461219065371,-0.2386093218214411,-0.2935889918498875,-0.5880025816618135,-0.8876048918708884,-1.128422106071097,-1.1309537468001287,-0.2110933453666714,0.0886558786960941,-0.167895929090039,-0.5774396013800077,-1.0121970383044168,-1.4763413939150531,-2.1246506903341933,-2.4012091124195,0.1000450000000015
21.072637699621826,25.052038470069647,25.197084468469683,24.46321238642312,23.372304340756934,24.51173780332133,29.119046447938977,32.53274708683153,34.785407851781244,35.51279068541828,34.57072631106691,32.463107398110175,29.834162460261823,24.20414419381304,21.32724195259623,18.062337560124654,23.44883353358412,25.881922436387065,27.062399798622486,27.418740840964308,25.73879596612731,18.948712484485185,15.53249663415291,25.27250653452552,28.958056962144106,31.072637492913504,32.33327734274041,32.389913336877825,31.816385567550988,31.00491963176042,0.9707460786111974,0.2782996297150542,-0.6705215579805491,-1.5413930385908916,-2.4980915836058366,2.2318394608167,1.1071487177940904,0.2703253463786665,-0.3189177337981173,-0.8728935041998396,-1.441885555438134,-1.9295669970654687,-2.434684632758973,-2.528385338539928,-2.6590793585673165,-1.7561442914356211,-1.4382447944982226,-1.6207547225168393,-1.9270159821910469,-2.2226654411004736,-2.723368324010564,-2.802300013760418,-1.7359449910982645,-1.4364748848419282,-1.7647554609475562,-2.2197918857913974,-2.7257808645651647,2.939567497186201,2.3026741890320057,1.953873417247821,0.1025570000000009
21.220151453020375,26.456445721723476,26.3076612238369,25.332735476018588,23.75866018668224,24.91063985678737,29.83853266230411,33.20320180897622,35.20645815336528,35.69870286351032,35.0918314824619,33.34506886263436,30.384235417459365,24.99336540419521,22.2341011059057,18.31378987454868,23.167358387535323,26.654386731637462,27.68496839542149,28.69558612985597,25.609377966940063,19.58877805366044,15.905362014453187,25.46761147623292,29.16631009874612,31.749339121846184,33.13798645257114,33.347831737493536,32.627970684821875,31.77322006201625,-0.2954408293881966,-0.8498250090167051,-1.663552647650704,-2.5032728201754795,2.691833028032007,1.180189287518011,0.2973651575425931,-0.5386241360027748,-1.114583518431759,-1.6415441928278187,-2.140109543901848,-2.5764432372506696,-2.9669204587600517,-3.0606885589526773,-3.104572535924833,-2.1910457993161785,-1.8399638300374617,-1.9347752783730856,-2.230106396683637,-2.455863152546417,-2.835713790967154,-2.835713790967154,-1.4940244344264193,-1.4685896072293827,-1.7551207285041457,-2.206871855741331,-2.682661967686996,3.0900918451199773,2.507039843837074,2.1896111062784964,0.1050710000000023
21.20991423396623,25.703519469531187,26.33106734085361,24.972894896135188,23.07021217703672,25.89225888505021,30.021421989252644,33.0356858229699,35.21127519065042,36.159620904278434,35.237899797834466,33.15438314422015,30.17337716237421,24.37209385999577,21.10305244001966,17.146773647717747,23.28584629997416,26.986268219444447,27.983195321454343,28.34347788054986,26.20162832415964,18.03048737915512,15.700839785373928,25.953392337492875,29.03643195066009,31.84043173428602,32.883497930992974,33.267107037973695,32.63658984040083,31.67833252118912,3.141592653589793,2.890589977387985,2.274410123394767,1.597816776527199,0.737815001555661,-0.4527784906417604,-1.100392075675536,-1.688528902961273,-2.027009112040838,-2.266488791885583,-2.53290336431202,-2.729785332763277,-2.824536910913792,-2.75570997751543,-2.659079316050518,-1.5042281619177436,-0.8550527564164694,-0.7853981633974483,-0.7583777083964512,-0.7205541465460398,-0.8850668060311682,-0.571337476239397,0.7853981633974483,1.2261489978403308,1.1525720074796022,0.9420000439672176,0.7392770360960027,0.4868992275059646,0.1798534878452589,-0.04995839820474,0.1075740000000031
21.72902924639548,26.106534874599355,26.106534874599355,25.500409857558974,23.395379916826155,25.19857415089259,30.003716642031392,33.46044348766387,35.30984296883515,35.8043760660607,35.06737581627332,33.09623491795954,30.53364719021877,25.42404220431246,22.22717160414342,18.718729289755665,24.822054462695185,26.70045305747584,27.749629159675106,28.5761021777798,26.304354760146545,19.36330918202485,15.44680998814291,26.46894920969067,29.76255025203325,31.692125503744336,32.81780053654879,33.20222477161516,32.76022173985575,31.40810743850165,-2.0169018757383004,-2.507569933926371,2.902361053626133,2.045807083059993,1.0636978537316772,-0.4636476090008061,-1.3882364846094613,-2.2264919530364327,-2.8068558270252586,2.9700665063404155,2.4879567566702714,2.043922324925565,1.6563016204731014,1.596431735316574,1.5707963267948966,2.5535900500422257,2.7763912038016203,2.7076392841958965,2.4116929954380617,2.11427392150794,1.804539507663798,1.7782925532300993,2.896613990462929,3.141592653589793,2.8739763651965347,2.4532338693728395,1.97568811307998,1.465919392431856,0.8633647353401054,0.5558708091541579,0.1100710000000013
19.852812769424787,25.39467454258353,25.49355286953324,24.988317977730155,23.033446605114392,24.51407123597647,28.996244740835884,32.62489290833522,34.341807584976664,35.38830594670517,34.392872261533284,32.59958643070164,29.86365616214375,23.90969100030116,21.87360708691544,18.20971859196861,22.906326463891027,25.95142383887238,27.621639712013028,28.10869690476569,25.79120968074971,17.9819467895112,12.40553852254737,25.1962476267316,28.34086007828116,30.941844249348748,32.27946870944384,32.26454127776936,32.02896858440993,31.10599889749597,3.141592653589793,2.9286542985953363,2.2822554551809877,1.6539375653728037,0.9827937605539638,-0.2662520566122529,-1.0603079918821432,-1.5937807829555188,-1.937293126447453,-2.1959048599432185,-2.4624593517194264,-2.6624823956022263,-2.769883701052324,-2.579671081804761,-2.553589996747029,-1.134169140431012,-0.8850668158886104,-0.732815119649721,-0.7130608458296525,-0.7170118357497133,-0.8210972748411385,-0.519146084401215,0.7853981633974483,1.2404989556695376,1.2252407585782734,1.0447299213852972,0.8530911894198903,0.5979690147711567,0.2360236762751612,0.0410727802712794,0.1125530000000019
21.099840621909923,25.300048400738216,25.446248763786446,24.64243906587022,22.91205371977384,23.973571495374948,28.9965999002234,32.42815421292617,34.54733820635978,35.24706584121119,34.309988601731376,32.643560770309115,29.704063443671945,24.230673950023576,21.894367863583103,17.811968473737416,22.4657968634375,25.47609746996441,27.065089788958595,27.67251617286288,25.300048400738216,17.706466484671946,15.446248129752911,25.416193448381694,28.662732587904284,30.95316964879001,32.5599564991216,32.459843732602195,32.036553466786515,30.926116094032828,1.4840579906210836,0.9753864167251202,0.2386093178257666,-0.8465463324861376,-1.747505180467077,3.048115874309099,2.0812846546186936,1.2601977205268058,0.7006344204627323,0.214060690566947,-0.2978030247876225,-0.7123575429975526,-1.1215362252249426,-1.134169161671504,-1.2490457663361738,-0.3217505543966422,0.0370201159569722,-0.1048769310903522,-0.3562196337396931,-0.655695635856732,-0.9753864167251202,-0.8760580346976544,0.0831412335607393,0.3217505382310948,0.0725994528533767,-0.3261558242899704,-0.7362574217004306,-1.2490457795829422,-1.8575417409004409,-2.147171538294735,0.1150700000000028
19.73143000721464,25.960274859484617,25.752029920494262,25.629997885556023,23.988381755466783,24.18892271579877,28.87170279013068,32.53161433886473,34.618854899646784,35.51427044886221,34.55339588085922,32.48312196100202,30.13838968005153,24.331580127843644,20.017183461114563,18.967967214335605,23.404942520286145,25.59043915880596,27.216825168442178,27.58167870463698,26.40113409955104,19.05831433814911,14.388104903749422,24.926172418287464,28.926031505832054,31.08031172161317,32.31926197159452,32.376753533680656,31.69676303092193,30.93435015013988,-1.8766752043705757,-2.111215835300164,-2.8357137760141145,2.884268937349369,2.356194490192345,0.9994588646494872,0.1939591436494765,-0.3399303782779554,-0.6507342704438055,-0.9126143470927968,-1.1682968993100402,-1.3847381523966575,-1.5405025651342783,-1.239700258649081,-1.0636978177802612,-0.1651486818287136,0.4783524324380384,0.5667292290520626,0.5585993241518974,0.4636476090008061,0.4844779311626789,0.7086262663633923,1.9513027165787349,2.453921405014333,2.529440173283863,2.394637083108444,2.171870095439292,1.92956698632654,1.583453878481771,1.376110769260679,0.1175720000000026
19.817883251375317,25.428656412428747,25.83027069711486,24.263600660702664,22.005632157720218,25.491318052356696,29.54124103692645,32.17799843325925,34.467438453536715,35.518487206565375,34.49994225607982,32.913755694353284,30.06763818215557,23.937216917518,20.352441635830164,16.840278195574985,22.82270990594664,25.89553868149674,27.74814776566222,27.811115453434425,25.4883542902554,18.062436580791807,16.501695249649334,25.00931639920477,28.321675337698156,30.570317922294915,32.29087371964688,32.56550891563893,31.82682902372268,31.0299163124844,2.8357137699655186,2.677945044588987,2.011975802312857,1.450172659092823,0.3587706525496204,-0.8593371785536477,-1.5380211840838258,-2.1319597197809936,-2.5613218265811684,-2.840672423438575,3.1230762520206987,2.8831377248100005,2.677945044588987,2.889038391063548,2.8049178385247684,-2.356194490192345,-1.8588517665046236,-1.6456561769176514,-1.7326337446509457,-1.7721134281867317,-1.917335188579768,-1.7561442914354546,-0.2984989263417351,0.1106572182159012,-0.0377179516045978,-0.3723984762704828,-0.5813801694230432,-0.8508781711856006,-1.2769270053039912,-1.4601391085789954,0.120045000000001
20.35264470372204,25.30694449454198,25.232118040171407,23.869092777487687,22.52249809767219,24.715085914466563,29.34102004110912,32.23876681176521,34.67093784942754,35.55737822085588,34.58856960898457,32.68209704180706,30.190042568992148,24.493440329933183,21.381303862279832,16.883695035912453,22.40350573561225,26.387729223850823,27.887059314067344,27.97991497486935,25.12063182930496,18.45416116316593,16.947719470923445,24.33784425350032,27.639525427976093,30.60807559785276,32.16611387466605,32.553492515215645,31.881790299603736,30.88967346812797,1.9074711332168204,1.7315590584437968,1.155304212588122,0.4918092067581566,-0.2984989394526617,-1.5422326692528945,-2.177401419023957,-2.720929308935464,-3.0871012061428926,2.960272883360082,2.686141614928737,2.4775464983457534,2.3454422155039496,2.5860989066652,2.565217456869949,-2.256525828095248,-2.0344439357957027,-1.8329161696755736,-1.810967315594177,-1.768191882913241,-1.8753072164842268,-1.5120405044973633,-0.4324077708378573,0.3028848752803057,0.2053954021042367,-0.0144917381232126,-0.1950202716745392,-0.4429251850255111,-0.794247525166059,-0.9750117936837756,0.1225710000000006
19.79276021884871,26.59689958425091,25.98981220640516,25.304443953777643,23.447099716220464,25.89864467002265,30.15032746533763,33.33910764622004,35.2325460562859,36.102365678116016,35.329314852740424,33.13894062400048,30.778531747877484,25.263166825162383,21.73096019034812,17.293984925164946,23.645040341912697,27.02012691337732,28.565587580458004,28.645176013637588,25.691611963312745,19.87548562958081,12.23505538757967,25.742313349366597,28.959829611346677,31.557151693990303,33.06634923803486,33.19510310739649,32.72085687633323,31.72895591676661,-1.3734007693393535,-1.842942218325627,-2.720929297559739,2.6546934029344387,1.506369485692066,0.0972532045612176,-0.7538296804484469,-1.550180691764507,-2.149603771056173,-2.641049055367161,3.133396115513665,2.68266201334203,2.297438658317592,2.2822554321515023,2.3006959941408853,-2.944197087355011,-2.919510740343212,-2.9483811525140884,3.141592653589793,2.909488825805642,2.532903384429724,2.6344941585941024,-2.782821990141444,-2.44368983464548,-2.700841794208221,-3.116281605782713,2.725528149668766,2.237354106246584,1.659452207564294,1.3709676919935672,0.1250720000000029
20.532631698763165,26.06422132460311,26.3664820646003,25.018660075664343,23.542931339610437,25.24769071299068,29.31892123409561,33.223590833189576,35.33515004599707,35.757364464230726,35.144443641028296,33.24628726612677,30.69092034972908,24.6113132779912,22.04271619009183,17.836621027415745,23.340058004439577,26.614462317471368,28.526176729140623,28.85331334419391,26.966757658630254,20.08776213555699,16.275879660290013,24.513792878424056,29.012460033212104,31.457461131772757,33.12578745776291,33.26839561413778,32.61111003143939,31.847373635928488,-0.9453113188729646,-1.3547113437604497,-1.9726669658010347,-2.605781428570832,2.9816795243720806,1.6756732685943054,1.01914132930833,0.4776654036674372,0.1314687039086952,-0.1330672675884974,-0.3773959770146913,-0.5851124416446135,-0.7359335745414507,-0.5645693747159657,-0.5144513230453278,0.7419472755212136,1.2387368296220955,1.3909428260066417,1.4085974840341782,1.3971251153705582,1.3101939322929863,1.6657480373333415,2.512796364483072,-2.792821645160257,-2.884268919700665,-3.0903554883901423,3.025101184223647,2.780388891210879,2.403777569438517,2.26083241762328,0.127556000000002
20.457541144676668,25.687270994862985,24.959966054948307,24.254154757044034,23.481949118409453,24.959965808345498,29.25127428450784,32.60632447259131,34.699055396579894,35.38299393740358,34.621383008049584,32.67244729762101,29.811717754469704,23.715030241299424,21.72338357506878,16.492249097850383,23.36778014764581,25.213023585271557,27.971935367653195,27.837982455481644,25.130299305166066,18.66353036128908,10.980565500980497,24.45386589112788,28.12289545620889,31.158120053737846,32.55083018580801,32.67697020391304,32.10261749009306,31.06083173744843,-0.4844779395714904,-0.9119903134269336,-1.6262948290520665,-2.3349210936204696,-2.976443970925016,1.9100889322833,1.1525719905402183,0.530557859282322,0.1725779651991972,-0.1088122092906811,-0.4228539067477695,-0.6640461643448994,-0.8415189294746896,-0.6947382761967031,-0.6998928823127979,0.6287963074160359,1.047518034846916,1.0951010543716009,1.0808389870978758,0.955176390380892,0.7853981633974483,1.15838591067365,2.158798930342464,2.7173982893389628,2.703801362932281,2.5008089308467,2.2166122743724204,1.932237260659756,1.5342272678519722,1.349146762349309,0.1300699999999999
21.77415676377453,25.72432953649485,26.47641464442557,25.452033136869883,24.03874143150509,24.40416367369324,30.044577829388928,33.588584225113024,35.19657815351976,36.09098060737634,35.153009333744,33.191712859507454,30.638032569854413,24.51826943871739,21.276678015193887,18.88141770013819,24.116643944640582,26.712052286796983,27.91231761496696,29.01341712206949,26.60019218588485,19.878777281198868,13.775451610890553,25.86853988021517,29.305875447188157,31.95313854288404,33.06620077381184,33.07209694478744,32.92020574223477,31.32319758492509,-2.245537293303013,-2.4087775994779546,-3.118869292234127,2.574863412638826,1.844963785123005,0.580002772550997,-0.1056655850382603,-0.657528216052855,-0.998958572859349,-1.2419199622766162,-1.4786212957219131,-1.7393932672804082,-1.8123620331015755,-1.6563016354000406,-1.446441332248135,-0.5123894721287449,0.1798535130680395,0.3147576531143701,0.2730087097343395,0.257323717550537,0.2721458955270079,0.5070984715165366,1.7681918962185,2.321725382097822,2.286539897172056,2.131959770543768,1.929567006984942,1.7202120431277608,1.3415643767311003,1.2120256807719247,0.132558000000003
21.216159576227703,25.30511677899742,26.09435282189736,24.638224283859643,22.54991634757444,24.75205077425529,28.669927682671755,32.24757664853085,34.85440534173537,35.48672968234148,34.4863905939351,32.602067198109864,29.88571258351723,24.859546514808017,21.507329963842537,13.122542571760466,23.12254296841076,26.488316841398166,27.845804337515183,27.98142673249553,26.30563182001002,20.465362915905693,15.16374239831971,25.10264160225681,27.603237265004037,30.498210768289606,32.10850365251807,32.50950545582076,31.647342714253487,30.978352988737964,-2.792821678338837,2.980829917108031,2.165555577367363,1.3677511071254889,0.1470783501781817,-1.312025448951866,-2.1889405425454607,-2.960666185574053,2.749535611168807,2.2390857244289504,1.757283225126247,1.3146449339332336,0.9871604778887694,0.9048270802321566,0.9025069013403972,1.7894652726688385,2.1112158384819937,2.0032041118327872,1.791625111145711,1.551190997056528,1.075244664280279,1.0863184188078434,2.1112158270654806,2.530866697884286,2.3127436094484164,1.8228923141482052,1.411659595372764,0.8760580737374757,0.3136206445201724,-0.027770636593421,0.1350520000000017
19.843025155584836,25.42110331134824,25.0674671502256,24.256047895425414,22.77112179780428,24.961858395549957,29.490333813025316,32.65847184207799,34.35167196493035,35.38488688853268,34.54492386470248,32.57766767234945,30.065246210078165,24.256048055720484,20.88960288554742,18.247222823026192,22.128311870943147,26.34852843454509,27.845038980836065,28.19993081140551,25.655124268170677,19.09872421572854,12.907275084337009,23.98021266458913,28.258183743337227,30.7570564693806,32.34356404759374,32.420410910322126,32.00864263287726,31.01739560622608,2.214297425877519,2.0344439357957027,1.4056476450060975,0.8066715511790954,0.0356991129885807,-1.2315037018832158,-1.871716568527842,-2.4614945638969186,-2.796037082636216,-3.0327804462652592,2.9658543557532897,2.8125429509892017,2.6434759412829085,2.8674252147732355,2.918116054356952,-2.142133789100253,-1.609238917353972,-1.4523063681795572,-1.471127676226638,-1.455919722086805,-1.5195591624957054,-1.0584068866546732,0.0,0.6310793743614674,0.5827394732690673,0.4254496098332252,0.1787930629929649,-0.0470241311386863,-0.3919475216349687,-0.5688478873199322,0.1375720000000022
20.65359868865075,25.644420393401816,25.93166263609294,23.943059656265568,23.008673956969883,24.686726876909447,29.11871532755598,32.513684520463435,34.73628027050465,35.70538026115947,34.735224089805335,32.324074628253506,29.755989556390546,24.58953294063246,19.50514566771361,14.792228534329922,23.13261884544859,26.208607341443845,27.92245973273073,28.08010049198731,25.655826561791176,18.310191699344468,15.15851756236822,25.26575625561184,28.144801739401505,30.915828119431303,31.89103112048481,32.41150678020773,31.84676016967923,31.15429849979969,-2.616796839635248,3.141592653589793,2.3386524193793887,1.5083775167989393,0.3547056414694591,-1.158385869279681,-1.996001350364116,-2.735174149883506,2.9053473985367613,2.44169979646034,1.9295669888801152,1.5113426694060004,1.1071487177940904,1.184913659024631,1.0838970792378833,2.0344439357957027,2.23484250328143,2.185459296656786,1.9549656722966875,1.7263911575045368,1.3382393697088713,1.267911461875397,2.60117313903998,2.7859567713786766,2.4788631937974763,2.0344439357957027,1.608278764698588,1.1334584124690317,0.4973426955311999,0.2053953891897673,0.1400440000000031
21.130715698709967,26.281948534727544,25.957934091261983,25.0590855460846,24.0122976230783,25.44292961170149,29.970092716808857,33.256127170805726,35.51914875514581,36.04210075798893,35.2525702665245,33.51051028714232,30.52016147286499,24.90068175349939,21.992423670011124,18.57952836311416,24.48804526573152,26.23948655616768,27.963896766791542,28.880081981489944,26.8919879538022,19.89412088978176,14.292090135300525,25.208910405930915,28.87620852911146,31.377969464220804,32.915646631323455,33.39112300934576,32.513882410217164,31.73936484048587,-0.3883187252172888,-0.6202495021192737,-1.2261489903131988,-1.8417431742820816,-2.6374266830397084,2.446854351292599,1.7234456494382475,1.1864214935713366,0.830821436663884,0.6026766153680244,0.3374560512296021,0.1318830899184546,0.0428309361147205,0.3045108846806879,0.3097029459866959,1.284744905676392,2.1112158465768776,2.22364294703234,2.206634759082659,2.197057817622364,2.092630619696331,2.253112895717849,-2.5535900245273235,-2.0344439357957027,-2.134880074482658,-2.273812560266149,-2.448241329247394,-2.6962915896079136,-3.0848354952553656,3.017237659043032,0.1425200000000011
21.57953538451353,25.446853475894763,26.03775882384957,25.7084734656318,24.04533698842231,24.333456672638665,29.63138335957416,33.54794847868179,35.42066095757428,36.25801954349063,35.20552543816228,33.154892330121235,30.294967762344637,24.887162530408737,21.749070932165477,19.727777989221355,23.877511367458936,26.1719237828766,28.267132737817352,28.90577797970641,27.11210330634882,20.66711681301119,13.599939293278108,25.42123108767156,29.311202356827277,31.62151651585745,32.94896190030617,33.232622064159386,32.3994949660753,31.6968830117775,0.4993467216801301,0.076771889316325,-0.8699418950411025,-1.695151321341658,-2.570255206125657,2.191045826240704,1.1990873905891828,0.4141385670116634,-0.1464841618852924,-0.6390829034834988,-1.114583546516067,-1.5602703992181857,-1.9295669765943528,-2.022249407236734,-2.104504551998848,-1.217805932893224,-0.6986598284597784,-0.8519663227650377,-1.0906212808647977,-1.3633001109301022,-1.697769103095912,-1.7942729494657286,-0.6435010789054546,-0.3947911196997615,-0.6107260125306778,-0.954926347203274,-1.4410937951943432,-1.9222411286046064,-2.544036172233847,-2.8119682387573137,0.1450540000000018
20.135831777399737,25.33964544408822,26.12142824878427,24.867016320739875,23.5997209104838,23.779878597808377,29.187847385088723,32.29312895223033,34.445778505813,35.28855293135245,34.31648685535387,32.68412774310017,30.37985979867301,23.898754340006548,21.238330319559267,16.121427771407056,23.635465133408943,25.71652862420973,27.395846310883314,27.756695156171112,25.699963332014114,18.598180570209927,17.890700483690818,24.66466392572762,28.207891336417852,30.7798962682357,32.147045777135176,32.70236958185743,31.80344493559556,31.026938753012946,-1.862253125769167,-2.0344439357957027,-2.667192807060207,3.141592653589793,2.356194490192345,1.078987189665104,0.273659304861685,-0.250709262704756,-0.5752155790687293,-0.7913152112735101,-1.0191413250346455,-1.2490457723982544,-1.3329604035881657,-1.1210366948202182,-1.0882830213074814,0.1526493269787681,0.6947382681621467,0.8567056033041611,0.8441539658328409,0.7994816925618747,0.749699064453634,1.0303768265243125,2.0899424184210527,2.8828217806440275,2.873682217148349,2.690522980543923,2.526929699403849,2.2684206108134863,1.8885943534311231,1.7494273420983784,0.1475590000000011
